prompt,completion
What are the basic supplies I need for my first dog?,"You will need a collar, leash, food and water bowls, dog food, a bed, grooming tools, and toys."
How do I choose the right breed for my lifestyle?,"Consider factors like your living space, activity level, and whether you prefer a small or large breed."
How often should I take my dog to the vet?,Your dog should visit the vet at least once a year for a check-up and vaccinations.
What are the best training tips for a new dog owner?,"Be consistent, use positive reinforcement, and start with basic commands like 'sit' and 'stay.'"
How can I prepare my home for a new dog?,"Remove hazardous items, designate a feeding area, and ensure your yard is secure."
What kind of food should I feed my dog?,"Choose high-quality dog food suitable for your dog's age, breed, and activity level."
How much exercise does my dog need daily?,"Dogs typically need at least 30 minutes to 2 hours of exercise daily, depending on the breed."
What are the costs associated with owning a dog?,"Costs include food, vet visits, grooming, training, and supplies, which can range from $500 to $2000 annually."
How can I help my dog adapt to a new home?,"Give your dog time to adjust, establish routines, and provide a safe, quiet space."
What vaccinations does my dog need?,"Core vaccinations include rabies, distemper, parvovirus, and others as recommended by your vet."